filename,category
0578-018-001-008.pdf,text
0578-018-001-009.pdf,text
0578-018-001-010.pdf,text
0578-018-001-011.pdf,text
0578-018-001-012.pdf,text
0578-018-001-013.pdf,text
0578-018-001-014.pdf,text
0578-018-001-015.pdf,text
0578-018-001-016.pdf,text
0578-018-001-017.pdf,text
0578-018-001-018.pdf,text
0578-018-001-019.pdf,text
0578-018-001-020.pdf,text
0578-018-001-021.pdf,text
0578-018-001-022.pdf,text
0578-018-001-023.pdf,text
0578-018-001-024.pdf,text
0578-018-001-025.pdf,text
0578-018-001-026.pdf,text
0578-018-001-027.pdf,text
0578-018-001-028.pdf,text
0578-018-001-029.pdf,text
0578-018-001-030.pdf,text
0578-018-001-031.pdf,text
0578-018-001-032.pdf,text
0578-018-001-033.pdf,text
0578-018-001-034.pdf,text
0578-018-001-035.pdf,text
0578-018-001-036.pdf,text
0578-018-001-037.pdf,text
0578-018-001-038.pdf,text
0578-018-001-039.pdf,text
0578-018-001-040.pdf,text
0578-018-001-041.pdf,text
0578-018-001-042.pdf,text
0578-018-001-043.pdf,text
0578-018-001-044.pdf,text
0578-018-001-045.pdf,text
0578-018-001-046.pdf,text
0578-018-001-047.pdf,text
0578-018-001-048.pdf,text
0578-018-001-049.pdf,text
0578-018-001-050.pdf,text
0578-018-001-051.pdf,text
0578-018-001-052.pdf,text
0578-018-001-053.pdf,text
0578-018-001-054.pdf,text
0578-018-001-055.pdf,text
0578-018-001-056.pdf,text
0578-018-001-057.pdf,text
0578-018-001-058.pdf,text
0578-018-001-059.pdf,text
0649-020-001-001.pdf,text
0649-020-001-002.pdf,text
0649-020-001-003.pdf,text
0649-020-001-004.pdf,text
0649-020-001-005.pdf,text
0649-020-001-006.pdf,text
0649-020-001-007.pdf,text
0649-020-002-001.pdf,text
0649-020-002-002.pdf,text
0649-020-002-003.pdf,text
0649-020-002-004.pdf,text
0649-020-002-005.pdf,text
0649-020-002-006.pdf,text
0649-020-004-001.pdf,text
0649-020-004-002.pdf,text
0649-020-004-003.pdf,text
0649-020-004-004.pdf,text
0649-020-004-005.pdf,text
0649-020-004-006.pdf,text
0658-050-007-001.pdf,text
0658-050-007-002.pdf,text
0658-050-007-003.pdf,text
0658-050-007-004.pdf,text
0658-050-007-005.pdf,text
0658-050-007-006.pdf,text
0658-050-007-007.pdf,text
0658-050-007-008.pdf,text
0658-050-007-009.pdf,text
0658-050-007-010.pdf,text
0658-050-007-011.pdf,text
0658-050-007-012.pdf,text
0658-050-008-001.pdf,scanned
0658-050-008-002.pdf,text
0658-050-008-003.pdf,scanned
0658-050-008-004.pdf,scanned
0658-050-008-005.pdf,scanned
0658-050-008-006.pdf,scanned
0658-050-008-007.pdf,scanned
0658-050-008-008.pdf,scanned
0658-050-008-009.pdf,scanned
0658-050-008-010.pdf,scanned
0658-050-008-011.pdf,scanned
0677-087-001-001.pdf,text
0677-087-001-002.pdf,text
0677-087-001-003.pdf,text
0677-087-001-004.pdf,text
0677-087-001-005.pdf,text
0677-087-001-006.pdf,text
0677-087-001-007.pdf,text
0717-009-001-001.pdf,text
0717-009-001-002.pdf,text
0717-009-001-003.pdf,text
0717-009-001-004.pdf,text
0717-009-001-005.pdf,text
0717-009-001-006.pdf,text
0717-009-001-007.pdf,text
0793-018-037-001.pdf,text
0793-018-037-002.pdf,text
0793-018-037-003.pdf,text
0793-018-037-004.pdf,text
0793-018-037-005.pdf,text
0793-018-037-006.pdf,text
0793-018-037-007.pdf,text
0821-000-145-001.pdf,text
0821-000-145-002.pdf,text
0821-000-145-003.pdf,text
0821-000-145-004.pdf,text
0821-000-145-005.pdf,text
0821-000-145-006.pdf,text
0821-000-145-007.pdf,text
0821-000-145-008.pdf,text
0821-000-145-009.pdf,text
0821-000-145-010.pdf,text
0821-000-145-011.pdf,text
0821-000-145-012.pdf,text
0821-000-145-013.pdf,text
0821-000-145-014.pdf,text
0821-000-145-015.pdf,text
0821-000-145-016.pdf,text
0821-000-145-017.pdf,text
0821-000-145-018.pdf,text
0821-000-145-019.pdf,text
0821-000-145-021.pdf,text
0821-000-145-022.pdf,text
0821-000-145-023.pdf,text
0821-000-145-024.pdf,text
0828-000-065-001.pdf,text
0828-000-065-002.pdf,text
0828-000-065-003.pdf,text
0828-000-065-004.pdf,text
0828-000-065-005.pdf,text
0828-000-065-006.pdf,text
0828-000-065-007.pdf,text
0828-000-065-008.pdf,text
0828-000-065-009.pdf,text
0828-000-065-010.pdf,text
0828-000-065-011.pdf,text
0828-000-065-012.pdf,text
0828-000-065-013.pdf,text
0828-000-065-014.pdf,text
0828-000-065-015.pdf,text
0828-000-065-016.pdf,text
0828-000-065-017.pdf,text
0828-000-065-018.pdf,text
0828-000-065-019.pdf,text
0828-000-065-020.pdf,text
0836-029-114-001.pdf,text
0836-029-114-002.pdf,text
0836-029-114-003.pdf,text
0836-029-114-004.pdf,text
0836-029-114-005.pdf,text
0836-029-114-006.pdf,text
0836-029-114-007.pdf,text
1026-000-062-001.pdf,text
1026-000-062-002.pdf,text
1026-000-062-003.pdf,text
1026-000-062-004.pdf,text
1026-000-062-005.pdf,text
1026-000-062-006.pdf,text
1026-000-062-007.pdf,text
1026-000-062-008.pdf,text
1026-000-062-009.pdf,text
1026-000-062-010.pdf,text
1026-000-062-011.pdf,text
1130-020-067-001.pdf,text
1130-020-067-002.pdf,text
1130-020-067-003.pdf,text
1130-020-067-004.pdf,text
1130-020-067-005.pdf,text
1130-020-067-006.pdf,text
1130-020-067-007.pdf,text
1130-020-067-008.pdf,text
1130-020-067-009.pdf,text
1130-020-067-010.pdf,text
1130-020-067-011.pdf,text
1130-020-067-012.pdf,text
1152-016-001-001.pdf,text
1152-016-001-002.pdf,text
1152-016-001-003.pdf,text
1152-016-001-004.pdf,text
1152-016-001-005.pdf,text
1152-016-001-006.pdf,text
1152-016-001-007.pdf,text
1152-016-001-008.pdf,text
1152-016-001-009.pdf,text
1152-016-001-010.pdf,text
1152-016-001-011.pdf,text
1152-016-001-012.pdf,text
1152-016-001-013.pdf,text
1152-016-001-014.pdf,text
1152-016-001-015.pdf,text
1152-016-001-016.pdf,text
1152-016-001-017.pdf,text
1152-016-001-018.pdf,text
1152-016-001-019.pdf,text
1152-016-001-020.pdf,text
1152-016-001-021.pdf,text
1152-016-001-022.pdf,text
1152-016-001-023.pdf,text
1152-016-001-024.pdf,text
1152-016-001-025.pdf,text
1152-016-001-026.pdf,text
1152-016-001-027.pdf,text
1152-016-001-028.pdf,text
1152-016-001-029.pdf,text
1152-016-001-030.pdf,text
1152-016-001-031.pdf,text
1152-016-001-032.pdf,text
1152-016-001-033.pdf,text
1152-016-001-034.pdf,text
1152-016-001-035.pdf,text
1152-016-001-036.pdf,text
1152-016-001-037.pdf,text
1152-016-001-038.pdf,text
1152-016-001-039.pdf,text
1152-016-001-040.pdf,text
1152-016-001-041.pdf,text
1152-016-001-042.pdf,text
1152-016-001-043.pdf,text
1152-016-001-044.pdf,text
1152-016-001-045.pdf,text
1152-016-001-046.pdf,text
1152-016-001-047.pdf,text
1152-016-001-048.pdf,text
1152-016-001-049.pdf,text
1152-016-001-050.pdf,text
1152-016-001-051.pdf,text
1152-016-001-052.pdf,text
1152-016-001-053.pdf,text
1152-016-001-054.pdf,text
1152-016-001-055.pdf,text
1152-016-001-056.pdf,text
1152-016-001-057.pdf,text
1153-018-001-001.pdf,text
1153-018-001-002.pdf,text
1153-018-001-003.pdf,text
1153-018-001-004.pdf,text
1167-019-001-001.pdf,text
1167-019-001-002.pdf,text
1167-019-001-003.pdf,text
1167-019-001-004.pdf,text
1167-019-001-005.pdf,text
1167-019-001-006.pdf,text
1167-019-001-007.pdf,text
1167-019-001-008.pdf,text
1167-019-001-009.pdf,text
1167-019-001-010.pdf,text
1167-019-001-011.pdf,text
1188-000-163-001.pdf,text
1188-000-163-002.pdf,text
1188-000-163-003.pdf,text
1188-000-163-004.pdf,text
1188-000-163-005.pdf,text
1188-000-163-006.pdf,text
1188-000-163-007.pdf,text
1188-000-163-008.pdf,text
1188-000-163-009.pdf,text
1188-000-163-010.pdf,text
1188-000-163-011.pdf,text
1239-022-001-001.pdf,text
1239-022-001-002.pdf,text
1239-022-001-003.pdf,text
1239-022-001-004.pdf,text
1239-022-001-005.pdf,text
1239-022-001-006.pdf,text
1239-022-001-007.pdf,text
1239-022-001-008.pdf,text
1239-022-001-009.pdf,text
1239-022-001-010.pdf,text
1239-022-001-011.pdf,text
1239-022-001-012.pdf,text
1239-022-001-013.pdf,text
1239-022-001-014.pdf,text
1239-022-001-015.pdf,text
1239-022-001-016.pdf,text
1239-022-001-017.pdf,text
1239-022-001-018.pdf,text
1239-022-001-019.pdf,text
1239-022-001-020.pdf,text
1239-022-001-021.pdf,text
1239-022-001-022.pdf,text
1239-022-001-023.pdf,text
1239-022-001-024.pdf,text
1239-022-001-025.pdf,text
1400-013-001-001.pdf,text
1400-013-001-002.pdf,text
1400-013-001-003.pdf,text
1400-013-001-004.pdf,text
1400-013-001-005.pdf,text
1400-013-001-006.pdf,text
1400-013-001-007.pdf,text
1439-144-001-001.pdf,text
1439-144-001-002.pdf,scanned
1439-144-001-003.pdf,scanned
1439-144-001-004.pdf,scanned
1439-144-002-001.pdf,text
1439-144-002-002.pdf,text
1439-144-002-003.pdf,text
1439-144-003-002.pdf,text
1439-144-004-001.pdf,text
1439-144-004-002.pdf,scanned
1461-012-003-001.pdf,text
1461-012-003-002.pdf,text
1461-012-003-004.pdf,text
1461-012-003-005.pdf,text
1461-012-003-006.pdf,text
1461-012-003-007.pdf,text
1475-000-666-001.pdf,text
1475-000-666-002.pdf,text
1475-000-666-003.pdf,text
1475-000-666-004.pdf,text
1475-000-666-005.pdf,text
1475-000-666-006.pdf,text
1475-000-666-007.pdf,text
1475-000-666-008.pdf,text
1475-000-666-009.pdf,text
1475-000-666-010.pdf,text
1475-000-666-011.pdf,text
1475-000-666-012.pdf,text
1482-000-022-001.pdf,text
1482-000-022-002.pdf,text
1482-000-022-003.pdf,text
1482-000-022-004.pdf,text
1482-000-022-005.pdf,text
1482-000-022-006.pdf,text
1482-000-022-007.pdf,text
1482-000-022-008.pdf,text
1515-000-075-001.pdf,scanned
1515-000-075-002.pdf,scanned
1515-000-075-003.pdf,text
1515-000-075-004.pdf,scanned
1515-000-075-005.pdf,scanned
1515-000-075-006.pdf,text
1515-000-075-007.pdf,scanned
1515-000-075-008.pdf,scanned
1515-000-075-009.pdf,scanned
1515-000-075-010.pdf,scanned
1515-000-075-011.pdf,scanned
1515-000-075-012.pdf,text
1515-000-075-013.pdf,scanned
1521-000-050-001.pdf,text
1521-000-050-002.pdf,text
1521-000-050-003.pdf,text
1521-000-050-004.pdf,text
1521-000-050-005.pdf,text
1533-027-001-001.pdf,text
1533-027-001-002.pdf,text
1533-027-001-003.pdf,text
1533-027-001-004.pdf,text
1533-027-001-005.pdf,text
1533-027-001-006.pdf,text
1533-027-001-007.pdf,text
1533-027-001-008.pdf,text
1533-027-001-009.pdf,text
1533-027-001-010.pdf,text
1533-027-001-011.pdf,text
1533-027-001-012.pdf,text
1542-011-001-001.pdf,text
1542-011-001-002.pdf,text
1542-011-001-003.pdf,text
1542-011-001-004.pdf,text
1542-011-001-005.pdf,text
1542-011-001-006.pdf,text
1542-011-001-007.pdf,text
1542-011-001-008.pdf,text
1542-011-001-009.pdf,text
1542-011-001-010.pdf,text
1542-011-001-011.pdf,text
1542-011-001-012.pdf,text
1542-011-001-013.pdf,text
1542-011-001-014.pdf,text
1542-011-001-015.pdf,text
1542-011-001-016.pdf,text
1542-011-001-017.pdf,text
1542-011-001-018.pdf,text
1542-011-001-019.pdf,text
1542-011-001-020.pdf,text
1542-011-001-021.pdf,text
1542-011-001-022.pdf,text
1542-011-001-023.pdf,text
1542-011-001-024.pdf,text
1542-011-001-028.pdf,text
1542-011-001-032.pdf,text
1608-026-001-001.pdf,text
1608-026-001-002.pdf,text
1608-026-001-003.pdf,text
1608-026-001-004.pdf,text
1608-026-001-005.pdf,text
1608-026-001-006.pdf,text
1608-026-001-007.pdf,text
1608-026-001-008.pdf,text
1608-026-001-009.pdf,text
1608-026-001-010.pdf,text
1608-026-001-011.pdf,text
1608-026-001-012.pdf,text
1608-026-001-013.pdf,text
1608-026-001-014.pdf,text
1608-026-001-015.pdf,text
1608-026-001-016.pdf,text
1608-026-001-017.pdf,text
1608-026-001-018.pdf,text
1608-026-001-019.pdf,text
1608-026-001-020.pdf,text
1608-026-001-021.pdf,text
1608-026-001-022.pdf,text
1608-026-001-023.pdf,text
1608-026-001-024.pdf,text
1608-026-001-025.pdf,text
1608-026-001-026.pdf,text
1608-026-001-027.pdf,text
1608-026-001-028.pdf,text
1608-026-001-029.pdf,text
1608-026-001-030.pdf,text
1608-026-001-031.pdf,text
1608-026-001-032.pdf,text
1608-026-001-033.pdf,text
1608-026-001-034.pdf,text
1608-026-001-035.pdf,text
1608-026-001-036.pdf,text
1608-026-001-037.pdf,text
1608-026-001-038.pdf,text
1608-026-001-039.pdf,text
1608-026-001-040.pdf,text
1608-026-001-041.pdf,text
1608-026-001-042.pdf,text
1608-026-001-043.pdf,text
1608-026-001-044.pdf,text
1608-026-001-045.pdf,text
1608-026-001-046.pdf,text
1608-026-001-047.pdf,text
1635-102-001-001.pdf,text
1635-102-001-002.pdf,text
1635-102-001-003.pdf,text
1635-102-001-004.pdf,text
1635-102-001-005.pdf,text
1635-102-002-001.pdf,text
1635-102-002-002.pdf,text
1635-102-002-003.pdf,text
1635-102-002-004.pdf,text
1635-102-002-005.pdf,text
1635-102-002-006.pdf,text
1635-102-002-007.pdf,text
1635-102-002-008.pdf,text
1635-102-002-009.pdf,text
1635-102-002-010.pdf,text
1635-102-002-011.pdf,text
1635-102-002-012.pdf,text
1635-102-002-013.pdf,text
1635-102-002-014.pdf,text
1635-102-002-015.pdf,text
1635-102-002-016.pdf,text
1635-102-003-001.pdf,text
1635-102-003-002.pdf,text
1635-102-003-003.pdf,text
1635-102-003-004.pdf,text
1635-102-003-005.pdf,text
1635-102-003-006.pdf,text
1635-102-003-007.pdf,text
1635-102-003-008.pdf,text
1635-102-003-009.pdf,text
1635-102-003-010.pdf,text
1635-102-003-011.pdf,text
1635-102-003-012.pdf,text
1635-102-003-013.pdf,text
1635-102-003-014.pdf,text
1635-102-003-015.pdf,text
1637-000-147-001.pdf,text
1637-000-147-002.pdf,text
1637-000-147-003.pdf,text
1637-000-147-004.pdf,text
1637-000-147-005.pdf,text
1637-000-147-006.pdf,text
1637-000-147-007.pdf,text
1637-000-148-001.pdf,text
1637-000-148-002.pdf,text
1637-000-148-003.pdf,text
1637-000-148-004.pdf,text
1637-000-148-005.pdf,text
1637-000-148-006.pdf,text
1637-000-148-007.pdf,text
1637-000-149-001.pdf,text
1637-000-149-002.pdf,text
1637-000-149-003.pdf,text
1637-000-149-004.pdf,text
1637-000-149-005.pdf,text
1637-000-149-006.pdf,text
1637-000-149-007.pdf,text
1637-000-150-001.pdf,text
1637-000-150-002.pdf,text
1637-000-150-003.pdf,text
1637-000-150-004.pdf,text
1637-000-150-005.pdf,text
1637-000-150-006.pdf,text
1637-000-150-007.pdf,text
1649-000-055-001.pdf,scanned
1649-000-055-002.pdf,scanned
1649-000-055-003.pdf,scanned
1649-000-055-004.pdf,scanned
1649-000-055-005.pdf,scanned
1649-000-055-006.pdf,scanned
1649-000-055-007.pdf,scanned
1649-000-055-008.pdf,scanned
1649-000-055-009.pdf,scanned
1649-000-055-010.pdf,scanned
1677-011-001-001.pdf,text
1677-011-001-002.pdf,text
1677-011-001-003.pdf,text
1677-011-001-004.pdf,text
1677-011-001-005.pdf,text
1677-011-001-006.pdf,text
1677-011-001-007.pdf,text
1677-011-001-008.pdf,text
1677-011-001-009.pdf,text
1677-011-001-010.pdf,text
1677-011-001-011.pdf,text
1677-011-001-012.pdf,text
1677-011-001-013.pdf,text
1677-011-001-014.pdf,text
1677-011-001-015.pdf,text
1677-011-001-016.pdf,text
1677-011-001-017.pdf,text
1677-011-001-018.pdf,text
1677-011-001-019.pdf,text
1677-011-001-020.pdf,text
1677-011-001-021.pdf,text
1677-011-001-022.pdf,text
1677-011-001-023.pdf,text
1677-011-001-024.pdf,text
1677-011-001-025.pdf,text
1677-011-001-026.pdf,text
1677-011-001-027.pdf,text
1677-011-001-028.pdf,text
1677-011-001-029.pdf,text
1677-011-001-030.pdf,text
1677-011-001-031.pdf,text
1677-011-001-032.pdf,text
1677-011-001-033.pdf,text
1677-011-001-034.pdf,text
1677-011-001-035.pdf,text
1677-011-001-036.pdf,text
1677-011-001-037.pdf,text
1677-011-001-038.pdf,text
1677-011-001-039.pdf,text
1677-011-001-040.pdf,text
1677-011-001-041.pdf,text
1677-011-001-042.pdf,text
1677-011-001-043.pdf,text
1677-011-001-044.pdf,text
1677-011-001-045.pdf,text
1677-011-001-046.pdf,text
1677-011-001-047.pdf,text
1677-011-001-048.pdf,text
1677-011-001-049.pdf,text
1677-011-001-050.pdf,text
1677-011-001-051.pdf,text
1677-011-001-052.pdf,text
1677-011-001-053.pdf,text
1677-011-001-054.pdf,text
1677-011-001-055.pdf,text
1677-011-001-056.pdf,text
1677-011-001-057.pdf,text
1677-011-001-058.pdf,text
1677-011-001-059.pdf,text
1677-011-001-060.pdf,text
1677-011-001-061.pdf,text
1677-011-001-062.pdf,text
1677-011-001-063.pdf,text
1677-011-001-064.pdf,text
1677-011-001-065.pdf,text
1677-011-001-066.pdf,text
1700-015-001-001.pdf,text
1700-015-001-002.pdf,text
1700-015-001-003.pdf,text
1700-015-001-004.pdf,text
1700-015-001-005.pdf,text
1714-015-001-002.pdf,text
1714-015-001-003.pdf,text
1714-015-001-004.pdf,text
1714-015-001-005.pdf,text
1714-015-001-006.pdf,text
1714-015-001-007.pdf,text
1714-015-001-008.pdf,text
1714-015-001-009.pdf,text
1714-015-001-010.pdf,text
1714-015-001-011.pdf,text
1714-015-001-012.pdf,text
1714-015-001-013.pdf,text
1714-015-001-014.pdf,text
1714-015-001-015.pdf,text
1714-015-001-016.pdf,text
1714-015-001-017.pdf,text
1714-015-001-018.pdf,text
1714-015-001-019.pdf,text
1714-015-001-020.pdf,text
1714-015-001-021.pdf,text
1714-015-001-022.pdf,text
1714-015-001-023.pdf,text
1714-015-001-024.pdf,text
1714-015-001-025.pdf,text
1714-015-001-026.pdf,text
1714-015-001-027.pdf,text
1714-015-001-028.pdf,text
1714-015-001-029.pdf,text
1714-015-001-030.pdf,text
1714-015-001-031.pdf,text
1714-015-001-032.pdf,text
1714-015-001-033.pdf,text
1714-015-001-034.pdf,text
1714-015-001-035.pdf,text
1714-015-001-036.pdf,text
1714-015-001-037.pdf,text
1714-015-001-038.pdf,text
1714-015-001-039.pdf,text
1714-015-001-040.pdf,text
1714-015-001-041.pdf,text
1714-015-001-042.pdf,text
1714-015-001-043.pdf,text
1714-015-001-044.pdf,text
1714-015-001-045.pdf,text
1714-015-001-046.pdf,text
1714-015-001-047.pdf,text
1714-015-001-048.pdf,text
1714-015-001-049.pdf,text
1714-015-001-050.pdf,text
1714-015-001-051.pdf,text
1801-000-043-001.pdf,text
1801-000-043-002.pdf,text
1801-000-043-003.pdf,text
1801-000-043-004.pdf,text
1801-000-043-005.pdf,text
1801-000-043-006.pdf,text
1801-000-043-007.pdf,text
1801-000-043-008.pdf,text
1801-000-043-009.pdf,text
1801-000-043-010.pdf,text
1801-000-043-011.pdf,text
1801-000-043-012.pdf,text
1801-000-043-013.pdf,text
1801-000-043-014.pdf,text
1801-000-043-015.pdf,text
1801-000-043-016.pdf,text
1801-000-043-017.pdf,text
1801-000-043-018.pdf,text
1801-000-043-019.pdf,text
1801-000-043-020.pdf,text
1801-000-043-021.pdf,text
1801-000-043-022.pdf,text
1801-000-043-023.pdf,text
1801-000-043-024.pdf,text
1801-000-043-025.pdf,text
1803-000-056-001.pdf,text
1803-000-056-002.pdf,text
1803-000-056-003.pdf,text
1803-000-056-004.pdf,text
1803-000-056-005.pdf,text
1803-000-056-006.pdf,text
1803-000-056-007.pdf,text
1803-000-056-008.pdf,text
1803-000-056-009.pdf,text
1803-000-056-010.pdf,text
1803-000-056-011.pdf,text
1803-000-056-012.pdf,text
1803-000-056-013.pdf,text
1803-000-056-014.pdf,text
1803-000-056-015.pdf,text
1803-000-056-016.pdf,text
1803-000-056-017.pdf,text
1803-000-056-018.pdf,text
1803-000-056-019.pdf,text
1803-000-056-020.pdf,text
1803-000-056-021.pdf,text
1811-000-020-001.pdf,text
1811-000-020-002.pdf,text
1811-000-020-003.pdf,text
1811-000-020-004.pdf,text
1811-000-020-005.pdf,text
1811-000-020-006.pdf,text
1811-000-020-007.pdf,text
1811-000-020-008.pdf,text
1811-000-020-009.pdf,text
1811-000-020-010.pdf,text
1811-000-020-011.pdf,text
1811-000-020-012.pdf,text
1811-000-020-013.pdf,text
1822-016-001-001.pdf,text
1822-016-001-002.pdf,text
1822-016-001-003.pdf,text
1822-016-001-004.pdf,text
1822-016-001-005.pdf,text
1822-016-001-006.pdf,text
1822-016-001-007.pdf,text
1822-016-001-008.pdf,text
1822-016-001-009.pdf,text
1822-016-001-010.pdf,text
1822-016-001-011.pdf,text
1822-016-001-012.pdf,text
1822-016-001-013.pdf,text
1822-016-001-014.pdf,text
1822-016-001-015.pdf,text
1822-016-001-016.pdf,text
1822-016-001-017.pdf,text
1822-016-001-018.pdf,text
1822-016-001-019.pdf,text
1822-016-001-020.pdf,text
1822-016-001-021.pdf,text
1858-008-011-001.pdf,text
1858-008-011-002.pdf,text
1858-008-011-003.pdf,text
1858-008-011-004.pdf,text
1858-008-011-005.pdf,text
1858-008-011-006.pdf,text
1858-008-011-007.pdf,text
1858-008-011-008.pdf,text
1858-008-011-009.pdf,text
1858-008-011-010.pdf,text
1858-008-011-011.pdf,text
1858-008-011-012.pdf,text
1858-008-011-013.pdf,text
1858-008-011-014.pdf,text
1858-008-011-015.pdf,text
1858-008-011-016.pdf,text
1903-008-025-001.pdf,text
1903-008-025-002.pdf,text
1903-008-025-003.pdf,text
1903-008-025-004.pdf,text
1903-008-025-005.pdf,text
1903-008-025-006.pdf,text
1903-008-025-007.pdf,text
1904-011-001-001.pdf,text
1904-011-001-002.pdf,text
1904-011-001-003.pdf,text
1904-011-001-004.pdf,text
1904-011-001-005.pdf,text
1904-011-001-006.pdf,text
1904-011-001-007.pdf,text
1904-011-001-008.pdf,text
1904-011-001-009.pdf,text
1904-011-001-010.pdf,text
1904-011-001-011.pdf,text
1904-011-002-001.pdf,text
1904-011-002-002.pdf,text
1904-011-002-003.pdf,text
1904-011-002-004.pdf,text
1904-011-002-005.pdf,text
1904-011-002-006.pdf,text
1904-011-002-007.pdf,text
1904-011-002-008.pdf,text
1904-011-002-009.pdf,text
1912-000-055-001.pdf,text
1912-000-055-002.pdf,text
1912-000-055-003.pdf,text
1912-000-055-004.pdf,text
1912-000-055-005.pdf,text
1912-000-055-006.pdf,text
1912-000-055-007.pdf,text
1912-000-055-008.pdf,text
1912-000-055-009.pdf,text
1912-000-055-010.pdf,text
1912-000-055-011.pdf,text
1912-000-055-012.pdf,text
1912-000-055-013.pdf,text
1912-000-055-014.pdf,text
1912-000-055-015.pdf,text
1912-000-055-016.pdf,text
1912-000-055-017.pdf,text
1912-000-055-018.pdf,text
1912-000-055-019.pdf,text
1912-000-055-020.pdf,text
1912-000-055-021.pdf,text
1912-000-055-022.pdf,text
1912-000-055-023.pdf,text
1912-000-055-024.pdf,text
1912-000-055-025.pdf,text
1914-015-001-001.pdf,text
1914-015-001-002.pdf,text
1914-015-001-003.pdf,text
1914-015-001-004.pdf,text
1914-015-001-005.pdf,text
1914-015-001-006.pdf,text
1914-015-001-007.pdf,text
1914-015-001-008.pdf,text
1914-015-001-009.pdf,text
1914-015-001-010.pdf,text
1914-015-001-011.pdf,text
1914-015-001-012.pdf,text
1914-015-001-013.pdf,text
1914-015-001-014.pdf,text
1914-015-001-015.pdf,text
1914-015-001-016.pdf,text
1914-015-001-017.pdf,text
1914-015-001-018.pdf,text
1914-015-001-019.pdf,text
1914-015-001-020.pdf,text
1944-005-030-001.pdf,text
1944-005-030-002.pdf,text
1944-005-030-003.pdf,text
1944-005-030-004.pdf,text
1944-005-030-005.pdf,text
1949-014-001-001.pdf,text
1949-014-001-002.pdf,text
1949-014-001-003.pdf,text
1949-014-001-004.pdf,text
1949-014-001-005.pdf,text
1949-014-001-006.pdf,text
1951-014-001-001.pdf,text
1951-014-001-002.pdf,text
1951-014-001-003.pdf,text
1951-014-001-004.pdf,text
1951-014-001-005.pdf,text
1951-014-001-006.pdf,text
1951-014-001-007.pdf,text
1951-014-001-008.pdf,text
1951-014-001-009.pdf,text
1951-014-001-010.pdf,text
1951-014-001-011.pdf,text
1951-014-001-012.pdf,text
1991-008-001-001.pdf,text
1991-008-001-002.pdf,text
1991-008-001-003.pdf,text
1991-008-001-004.pdf,text
1991-008-001-005.pdf,text
1991-008-001-006.pdf,text
2025-077-001-001.pdf,text
2025-077-001-002.pdf,text
2025-077-001-003.pdf,text
2025-077-001-004.pdf,text
2025-077-001-005.pdf,text
2025-077-001-006.pdf,text
2025-077-001-007.pdf,text
2025-077-001-008.pdf,text
2025-077-001-009.pdf,text
2025-077-001-010.pdf,text
2053-008-001-001.pdf,text
2053-008-001-002.pdf,text
2053-008-001-003.pdf,text
2053-008-001-004.pdf,text
2053-008-001-005.pdf,text
2053-008-001-006.pdf,text
2053-008-001-007.pdf,text
2053-008-001-008.pdf,text
2053-008-001-009.pdf,text
2053-008-001-010.pdf,text
2053-008-001-011.pdf,text
2053-008-001-012.pdf,text
2053-008-001-013.pdf,text
2053-008-001-014.pdf,text
2053-008-001-015.pdf,text
2053-008-001-016.pdf,text
2053-008-001-017.pdf,text
2053-008-001-018.pdf,text
2053-008-001-019.pdf,text
2053-008-001-020.pdf,text
2053-008-001-021.pdf,text
2053-008-001-022.pdf,text
2053-008-001-023.pdf,text
2053-008-001-024.pdf,text
2053-008-001-025.pdf,text
2053-008-001-026.pdf,text
2053-008-001-027.pdf,text
2053-008-001-028.pdf,text
2053-008-001-029.pdf,text
2053-008-001-030.pdf,text
2053-008-001-031.pdf,text
2053-008-001-032.pdf,text
2053-008-001-033.pdf,text
2053-008-001-034.pdf,text
2053-008-001-035.pdf,text
2053-008-001-036.pdf,text
2053-008-001-037.pdf,text
2053-008-001-038.pdf,text
2074-032-001-001.pdf,text
2074-032-001-002.pdf,text
2074-032-001-003.pdf,text
2074-032-001-004.pdf,text
2074-032-001-005.pdf,text
2074-032-001-006.pdf,text
2074-032-001-007.pdf,text
2074-032-001-008.pdf,text
2074-032-001-009.pdf,text
2074-032-002-001.pdf,text
2074-032-002-002.pdf,text
2086-018-001-001.pdf,text
2086-018-001-002.pdf,text
2086-018-001-003.pdf,text
2086-018-001-004.pdf,text
2086-018-001-005.pdf,text
2086-018-001-006.pdf,text
2086-018-001-007.pdf,text
2086-018-001-008.pdf,text
2086-018-001-009.pdf,text
2086-018-001-010.pdf,text
2086-018-001-011.pdf,text
2086-018-001-012.pdf,text
2086-018-001-013.pdf,text
2086-018-001-014.pdf,text
2086-018-001-015.pdf,text
2086-018-001-016.pdf,text
2086-018-001-017.pdf,text
2086-018-001-018.pdf,text
2086-018-001-019.pdf,text
2086-018-001-020.pdf,text
2086-018-001-021.pdf,text
2086-018-001-022.pdf,text
2112-000-029-001.pdf,text
2112-000-029-002.pdf,text
2112-000-029-003.pdf,text
2112-000-029-004.pdf,text
2112-000-029-005.pdf,text
2112-000-029-006.pdf,text
2112-000-029-007.pdf,text
2112-000-029-008.pdf,text
2112-000-029-009.pdf,text
2112-000-029-010.pdf,text
2112-000-029-011.pdf,text
2112-000-029-012.pdf,text
2112-000-029-013.pdf,text
2177-007-041-001.pdf,text
2177-007-041-002.pdf,text
2177-007-041-003.pdf,text
2177-007-041-004.pdf,text
2177-007-041-005.pdf,text
2177-007-041-006.pdf,text
2177-007-041-007.pdf,text
2177-007-041-008.pdf,text
2177-007-041-009.pdf,text
2177-007-041-010.pdf,text
2177-007-041-011.pdf,text
2177-007-041-012.pdf,text
2177-007-041-013.pdf,text
2177-007-041-014.pdf,text
2177-007-041-015.pdf,text
2177-007-041-016.pdf,text
2177-007-041-017.pdf,text
2177-007-041-018.pdf,text
2177-007-041-019.pdf,text
2177-007-041-020.pdf,text
2177-007-041-021.pdf,text
2177-007-041-022.pdf,text
2177-007-041-023.pdf,text
2177-007-041-024.pdf,text
2177-007-041-025.pdf,text
2177-007-041-026.pdf,text
2177-007-041-027.pdf,text
2177-007-041-028.pdf,text
2177-007-041-029.pdf,text
2177-007-041-030.pdf,text
2177-007-041-031.pdf,text
2177-007-041-032.pdf,text
2177-007-041-033.pdf,text
2177-007-041-034.pdf,text
2207-000-010-001.pdf,text
2207-000-010-002.pdf,text
2207-000-010-003.pdf,text
2207-000-010-004.pdf,text
2207-000-010-005.pdf,text
2207-000-010-006.pdf,text
2207-000-010-007.pdf,text
2207-000-010-008.pdf,text
2207-000-010-009.pdf,text
2207-000-010-010.pdf,text
2207-000-010-011.pdf,text
2207-000-010-012.pdf,text
2207-000-010-013.pdf,text
2207-000-010-014.pdf,text
2207-000-010-015.pdf,text
2207-000-010-016.pdf,text
2207-000-010-017.pdf,text
2207-000-010-018.pdf,text
2207-000-010-019.pdf,text
2207-000-010-020.pdf,text
2207-000-010-021.pdf,text
2207-000-010-022.pdf,text
2207-000-010-023.pdf,text
2207-000-010-024.pdf,text
2208-000-026-005.pdf,text
2219-000-029-001.pdf,text
2219-000-029-002.pdf,text
2219-000-029-003.pdf,text
2219-000-029-004.pdf,text
2219-000-029-005.pdf,text
2219-000-029-006.pdf,text
2219-000-029-007.pdf,text
2219-000-029-008.pdf,text
2219-000-029-009.pdf,text
2219-000-029-010.pdf,text
2219-000-029-011.pdf,text
2219-000-029-012.pdf,text
2219-000-029-013.pdf,text
2219-000-029-014.pdf,text
2219-000-029-015.pdf,text
2219-000-029-016.pdf,text
2219-000-029-017.pdf,text
2219-000-029-018.pdf,text
2219-000-029-019.pdf,text
2219-000-029-020.pdf,text
2219-000-029-021.pdf,text
2219-000-029-022.pdf,text
2219-000-029-023.pdf,text
2219-000-029-024.pdf,text
2219-000-029-025.pdf,text
2219-000-029-026.pdf,text
2219-000-029-027.pdf,text
2219-000-029-028.pdf,text
2219-000-029-029.pdf,text
2219-000-029-030.pdf,text
2219-000-029-031.pdf,text
2219-000-029-032.pdf,text
2219-000-029-033.pdf,text
2219-000-029-034.pdf,text
2219-000-029-035.pdf,text
2219-000-029-036.pdf,text
2219-000-029-037.pdf,text
2219-000-029-038.pdf,text
2219-000-029-039.pdf,text
2219-000-029-040.pdf,text
2219-000-029-041.pdf,text
2219-000-029-042.pdf,text
2219-000-029-043.pdf,text
2219-000-029-044.pdf,text
2219-000-029-045.pdf,text
2219-000-029-046.pdf,text
2219-000-029-047.pdf,text
2219-000-029-048.pdf,text
2219-000-029-049.pdf,text
2219-000-029-050.pdf,text
2219-000-029-051.pdf,text
2219-000-029-052.pdf,text
2219-000-029-053.pdf,text
2219-000-029-054.pdf,text
2219-000-029-055.pdf,text
2219-000-029-056.pdf,text
2219-000-029-057.pdf,text
2219-000-029-058.pdf,text
2219-000-029-059.pdf,text
2219-000-029-060.pdf,text
2219-000-029-061.pdf,text
2224-000-027-001.pdf,text
2224-000-027-002.pdf,text
2224-000-027-003.pdf,text
2224-000-027-004.pdf,text
2224-000-027-005.pdf,text
2224-000-027-006.pdf,text
2224-000-027-007.pdf,text
2224-000-027-008.pdf,text
2265-016-030-001.pdf,text
2265-016-030-002.pdf,text
2265-016-030-003.pdf,text
2265-016-030-004.pdf,text
2265-016-030-005.pdf,text
2265-016-030-006.pdf,text
2265-016-030-007.pdf,text
2265-016-030-008.pdf,text
2265-016-030-009.pdf,text
2265-016-030-010.pdf,text
2297-016-001-001.pdf,text
2297-016-001-002.pdf,text
2297-016-001-003.pdf,text
2297-016-001-004.pdf,text
2297-016-001-005.pdf,text
2297-016-001-006.pdf,text
2297-016-001-007.pdf,text
2297-016-001-008.pdf,text
2297-016-001-009.pdf,text
2297-016-001-010.pdf,text
2297-016-001-011.pdf,text
2297-016-001-012.pdf,text
2297-016-001-013.pdf,text
2297-016-001-014.pdf,text
2297-016-001-015.pdf,text
2297-016-001-016.pdf,text
2317-006-001-001.pdf,scanned
2317-006-001-002.pdf,scanned
2317-006-001-003.pdf,scanned
2317-006-001-004.pdf,scanned
2317-006-001-005.pdf,scanned
2317-006-001-006.pdf,scanned
2317-006-001-007.pdf,scanned
2317-006-001-008.pdf,scanned
2317-006-001-009.pdf,scanned
2317-006-001-010.pdf,scanned
2317-006-001-011.pdf,scanned
2317-006-001-012.pdf,scanned
2317-006-001-013.pdf,scanned
2317-006-001-014.pdf,scanned
2317-006-001-015.pdf,scanned
2317-006-001-016.pdf,scanned
2317-006-001-017.pdf,scanned
2317-006-001-018.pdf,scanned
2317-006-001-019.pdf,scanned
2317-006-001-020.pdf,scanned
2335-018-001-001.pdf,text
2335-018-001-002.pdf,text
2335-018-001-003.pdf,text
2335-018-001-004.pdf,text
2335-018-001-005.pdf,text
2335-018-001-006.pdf,text
2335-018-001-007.pdf,text
2335-018-001-008.pdf,text
2335-018-001-009.pdf,text
2335-018-001-010.pdf,text
2335-018-001-011.pdf,text
2335-018-001-012.pdf,text
2335-018-001-013.pdf,text
2335-018-001-015.pdf,text
2335-018-001-016.pdf,text
2335-018-001-017.pdf,text
2335-018-001-018.pdf,text
2335-018-001-019.pdf,text
2335-018-001-020.pdf,text
2335-018-001-021.pdf,text
2335-018-001-022.pdf,text
2335-018-001-023.pdf,text
2335-018-001-024.pdf,text
2335-018-001-025.pdf,text
2335-018-001-026.pdf,text
2335-018-001-027.pdf,text
2335-018-001-028.pdf,text
2335-018-001-029.pdf,text
2335-018-001-030.pdf,text
2335-018-001-031.pdf,text
2335-018-001-032.pdf,text
2335-018-001-033.pdf,text
2335-018-001-034.pdf,text
2335-018-001-035.pdf,text
2335-018-001-036.pdf,text
2335-018-001-037.pdf,text
2335-018-001-038.pdf,text
2335-018-001-039.pdf,text
2335-018-001-040.pdf,text
2335-018-001-041.pdf,text
2335-018-001-042.pdf,text
2335-018-001-043.pdf,text
2335-018-001-044.pdf,text
2335-018-001-045.pdf,text
2335-018-001-046.pdf,text
2335-018-001-047.pdf,text
2335-018-001-048.pdf,text
2335-018-001-049.pdf,text
2335-018-001-050.pdf,text
2335-018-001-051.pdf,text
2335-018-001-052.pdf,text
2335-018-001-053.pdf,text
2335-018-001-054.pdf,text
2335-018-001-055.pdf,text
2335-018-001-056.pdf,text
2335-018-001-057.pdf,text
2335-018-001-061.pdf,text
2335-018-001-062.pdf,text
2335-018-001-063.pdf,text
2335-018-001-064.pdf,text
2335-018-001-065.pdf,text
2335-018-001-066.pdf,text
2335-018-001-067.pdf,text
2335-018-001-068.pdf,text
2335-018-001-069.pdf,text
2335-018-001-070.pdf,text
2335-018-001-071.pdf,text
2335-018-001-072.pdf,text
2335-018-001-073.pdf,text
2335-018-001-074.pdf,text
2335-018-001-075.pdf,text
2335-018-001-076.pdf,text
2335-018-001-077.pdf,text
2335-018-001-078.pdf,text
2335-018-001-079.pdf,text
2335-018-001-080.pdf,text
2335-018-001-081.pdf,text
2335-018-001-082.pdf,text
2335-018-001-083.pdf,text
2335-018-001-084.pdf,text
2335-018-001-085.pdf,text
2335-018-001-086.pdf,text
2335-018-001-087.pdf,text
2335-018-001-088.pdf,text
2335-018-001-089.pdf,text
2335-018-001-090.pdf,text
2335-018-001-091.pdf,text
2335-018-999-001.pdf,text
2335-018-999-002.pdf,text
2335-018-999-003.pdf,text
2335-018-999-004.pdf,text
2335-018-999-005.pdf,text
2335-018-999-006.pdf,text
2335-018-999-007.pdf,text
2335-018-999-008.pdf,text
2335-018-999-009.pdf,text
2335-018-999-010.pdf,text
2335-018-999-011.pdf,text
2335-018-999-012.pdf,text
2335-018-999-013.pdf,text
2335-018-999-014.pdf,text
2335-018-999-016.pdf,text
2335-018-999-017.pdf,text
2335-018-999-018.pdf,text
2335-018-999-019.pdf,text
2335-018-999-020.pdf,text
2335-018-999-021.pdf,text
2342-000-013-001.pdf,text
2342-000-013-002.pdf,text
2342-000-013-003.pdf,text
2342-000-013-004.pdf,text
2342-000-013-005.pdf,text
2342-000-013-006.pdf,text
2342-000-013-007.pdf,text
2342-000-013-008.pdf,text
2377-005-001-001.pdf,text
2377-005-001-002.pdf,text
2377-005-001-003.pdf,text
2377-005-001-004.pdf,text
2377-005-001-005.pdf,text
2377-005-001-006.pdf,text
2377-005-001-007.pdf,text
2389-010-001-001.pdf,text
2389-010-001-002.pdf,text
2389-010-001-003.pdf,text
2389-010-001-004.pdf,text
2389-010-002-001.pdf,text
2389-010-002-002.pdf,text
2389-010-002-003.pdf,text
2389-010-002-004.pdf,text
2389-010-003-001.pdf,text
2389-010-003-002.pdf,text
2389-010-004-001.pdf,text
2389-010-004-002.pdf,text
2389-010-004-003.pdf,text
2434-005-001-001.pdf,text
2434-005-001-002.pdf,text
2434-005-001-003.pdf,text
2434-005-001-004.pdf,text
2434-005-001-005.pdf,text
2434-005-001-006.pdf,text
2434-005-001-007.pdf,text
2434-005-001-008.pdf,text
2434-005-001-009.pdf,text
2444-014-045-001.pdf,text
2444-014-045-002.pdf,text
2444-014-045-003.pdf,text
2444-014-045-004.pdf,text
2444-014-045-005.pdf,text
2444-014-045-006.pdf,text
2444-014-045-007.pdf,text
2444-014-045-008.pdf,text
2444-014-045-009.pdf,text
2444-014-045-010.pdf,text
2463-004-007-001.pdf,text
2463-004-007-002.pdf,text
2463-004-007-003.pdf,text
2463-004-007-004.pdf,text
2463-004-007-005.pdf,text
2463-004-007-006.pdf,text
2463-004-007-007.pdf,text
2463-004-007-008.pdf,text
2463-004-007-009.pdf,text
2463-004-007-010.pdf,text
2463-004-007-011.pdf,text
2463-004-007-012.pdf,text
2463-004-007-013.pdf,text
2463-004-007-014.pdf,text
2496-010-001-001.pdf,text
2496-010-001-002.pdf,text
2496-010-001-003.pdf,text
2496-010-001-004.pdf,text
2496-010-001-005.pdf,text
2502-000-087-001.pdf,text
2502-000-087-002.pdf,text
2502-000-087-003.pdf,text
2502-000-087-004.pdf,text
2502-000-087-005.pdf,text
2502-000-087-006.pdf,text
2502-000-087-007.pdf,text
2502-000-087-008.pdf,text
2502-000-087-009.pdf,text
2502-000-087-010.pdf,text
2502-000-087-011.pdf,text
2502-000-087-012.pdf,text
2502-000-087-013.pdf,text
2502-000-087-014.pdf,text
2502-000-087-015.pdf,text
2502-000-087-016.pdf,text
2502-000-087-017.pdf,text
2502-000-087-018.pdf,text
2502-000-087-019.pdf,text
2502-000-087-020.pdf,text
2502-000-087-021.pdf,text
2502-000-087-022.pdf,text
2502-000-087-023.pdf,text
2502-000-087-024.pdf,text
2502-000-087-025.pdf,text
2502-000-087-026.pdf,text
2502-000-087-027.pdf,text
2502-000-087-028.pdf,text
2502-000-087-029.pdf,text
2502-000-087-030.pdf,text
2502-000-087-031.pdf,text
2502-000-087-032.pdf,text
2502-000-087-033.pdf,text
2502-000-087-034.pdf,text
2502-000-087-035.pdf,text
2502-000-087-036.pdf,text
2502-000-087-037.pdf,text
2502-000-087-038.pdf,text
2502-000-087-039.pdf,text
2502-000-087-040.pdf,text
2539-015-022-001.pdf,text
2539-015-022-002.pdf,text
2539-015-022-003.pdf,scanned
2539-015-022-004.pdf,text
2539-015-022-005.pdf,text
2540-000-029-001.pdf,text
2540-000-029-002.pdf,text
2540-000-029-003.pdf,text
2540-000-029-004.pdf,text
2540-000-029-005.pdf,text
2540-000-029-006.pdf,text
2540-000-029-007.pdf,text
2540-000-029-008.pdf,text
2541-015-019-001.pdf,text
2543-003-001-001.pdf,scanned
2543-003-001-002.pdf,text
2543-003-001-003.pdf,text
2543-003-001-004.pdf,text
2543-003-001-005.pdf,text
2543-003-001-006.pdf,text
2543-003-001-007.pdf,text
2543-003-001-008.pdf,text
2543-003-001-009.pdf,text
2543-003-001-010.pdf,text
2543-003-001-011.pdf,text
2543-003-001-012.pdf,text
2543-003-001-013.pdf,text
2543-003-001-014.pdf,text
2566-003-001-001.pdf,text
2566-003-001-002.pdf,text
2566-003-001-003.pdf,text
2566-003-001-004.pdf,text
2566-003-001-005.pdf,text
2566-003-001-006.pdf,text
2566-003-001-007.pdf,text
2566-003-001-008.pdf,text
2578-007-001-001.pdf,text
2578-007-001-002.pdf,text
2578-007-001-003.pdf,text
2578-007-001-004.pdf,text
2578-007-001-005.pdf,text
2578-007-001-006.pdf,text
2578-007-001-007.pdf,text
2578-007-001-008.pdf,text
2578-007-001-009.pdf,text
2578-007-001-010.pdf,text
2578-007-001-011.pdf,text
2578-007-001-012.pdf,text
2578-007-001-013.pdf,text
2578-007-001-014.pdf,text
2578-007-001-015.pdf,text
2578-007-001-016.pdf,text
2578-007-001-017.pdf,text
2578-007-001-018.pdf,text
2578-007-001-019.pdf,text
2578-007-001-020.pdf,text
2578-007-001-021.pdf,text
2578-007-001-022.pdf,text
2578-007-001-023.pdf,text
2578-007-001-024.pdf,text
2578-007-001-025.pdf,text
2578-007-001-026.pdf,text
2578-007-001-027.pdf,text
2578-007-001-028.pdf,text
2578-007-001-029.pdf,text
2578-007-001-030.pdf,text
2578-007-001-031.pdf,text
2578-007-001-032.pdf,text
2578-007-001-033.pdf,text
2578-007-001-034.pdf,text
2578-007-001-035.pdf,text
2578-007-001-036.pdf,text
2578-007-001-037.pdf,text
2578-007-001-038.pdf,text
2578-007-001-039.pdf,text
2578-007-001-040.pdf,text
2578-007-001-041.pdf,text
2578-007-001-042.pdf,text
2578-007-001-043.pdf,text
2578-007-001-044.pdf,text
2578-007-001-045.pdf,text
2578-007-001-046.pdf,text
2578-007-001-047.pdf,text
2578-007-001-048.pdf,text
2578-007-001-049.pdf,text
2578-007-001-050.pdf,text
2578-007-001-051.pdf,text
2578-007-001-052.pdf,text
2578-007-001-053.pdf,text
2578-007-001-054.pdf,text
2578-007-001-055.pdf,text
2578-007-001-056.pdf,text
2578-007-001-057.pdf,text
2578-007-001-058.pdf,text
2578-007-001-059.pdf,text
2578-007-001-060.pdf,text
2578-007-001-061.pdf,text
2578-007-001-062.pdf,text
2578-007-001-063.pdf,text
2578-007-001-064.pdf,text
2578-007-001-065.pdf,text
2578-007-001-066.pdf,text
2578-007-001-067.pdf,text
2578-007-001-068.pdf,text
2578-007-001-070.pdf,text
2578-007-001-072.pdf,text
2578-007-001-073.pdf,text
2579-007-001-001.pdf,text
2579-007-001-002.pdf,text
2579-007-001-003.pdf,text
2579-007-001-004.pdf,text
2579-007-001-005.pdf,text
2579-007-001-006.pdf,text
2579-007-001-007.pdf,text
2579-007-001-008.pdf,text
2579-007-001-009.pdf,text
2600-002-009-001.pdf,text
2600-002-009-002.pdf,text
2600-002-009-003.pdf,text
2600-002-009-004.pdf,text
2600-002-009-005.pdf,text
2600-002-009-006.pdf,text
2615-000-087-001.pdf,text
2615-000-087-002.pdf,text
2615-000-087-003.pdf,text
2615-000-087-004.pdf,text
2615-000-087-005.pdf,text
2615-000-087-006.pdf,text
2615-000-087-007.pdf,text
2615-000-087-008.pdf,text
2615-000-087-009.pdf,text
2615-000-087-010.pdf,text
2615-000-087-011.pdf,text
2615-000-087-012.pdf,text
2615-000-087-013.pdf,text
2615-000-087-014.pdf,text
2615-000-087-015.pdf,text
2615-000-087-016.pdf,text
2615-000-087-017.pdf,text
2615-000-087-018.pdf,text
2615-000-087-019.pdf,text
2615-000-087-020.pdf,text
2615-000-087-021.pdf,text
2615-000-087-022.pdf,text
2615-000-087-023.pdf,text
2615-000-087-024.pdf,text
2615-000-087-025.pdf,text
2615-000-087-026.pdf,text
2615-000-087-027.pdf,text
2615-000-087-028.pdf,text
2615-000-087-029.pdf,text
2615-000-087-030.pdf,text
2615-000-087-031.pdf,text
2615-000-087-032.pdf,text
2615-000-087-033.pdf,text
2615-000-087-034.pdf,text
2615-000-087-035.pdf,text
2615-000-087-036.pdf,text
2615-000-087-037.pdf,text
2615-000-087-038.pdf,text
2615-000-087-039.pdf,text
2615-000-087-040.pdf,text
2615-000-087-041.pdf,text
2615-000-087-042.pdf,text
2615-000-087-043.pdf,text
2615-000-087-044.pdf,text
2615-000-087-045.pdf,text
2615-000-087-046.pdf,text
2615-000-087-047.pdf,text
2615-000-087-048.pdf,text
2615-000-087-049.pdf,text
2615-000-087-050.pdf,text
2615-000-087-051.pdf,text
2615-000-087-052.pdf,text
2626-002-001-001.pdf,text
2626-002-001-002.pdf,text
2626-002-001-003.pdf,text
2626-002-001-004.pdf,text
2626-002-001-005.pdf,text
2626-002-001-006.pdf,text
2639-011-023-001.pdf,text
2639-011-023-002.pdf,text
2639-011-023-003.pdf,text
2639-011-023-004.pdf,text
2639-011-023-005.pdf,text
2639-011-023-006.pdf,text
2639-011-023-007.pdf,text
2653-004-001-001.pdf,text
2653-004-001-002.pdf,text
2653-004-001-003.pdf,text
2653-004-001-004.pdf,text
2653-004-001-005.pdf,text
2653-004-001-006.pdf,text
2653-004-001-007.pdf,text
2653-004-001-008.pdf,text
2684-003-001-001.pdf,text
2684-003-001-002.pdf,text
2684-003-001-003.pdf,text
2684-003-001-004.pdf,text
2684-003-001-005.pdf,text
2684-003-001-006.pdf,text
2684-003-001-007.pdf,text
2684-003-001-008.pdf,text
2684-003-001-009.pdf,text
2684-003-001-010.pdf,text
2684-003-001-011.pdf,text
2684-003-001-012.pdf,text
2684-003-001-013.pdf,text
